Temperament,Height,Weight,Life Expectancy,breed,link
"Confident, Famously Funny, Fearless",9-11.5 inches,7-10 pounds,12-15 years,Affenpinscher,https://www.akc.org/dog-breeds/affenpinscher/
"Dignified, Profoundly Loyal, Aristocratic",25-27 inches,50-60 pounds,12-15 years,Afghan Hound,https://www.akc.org/dog-breeds/afghan-hound/
"Friendly, Clever, Courageous",23 inches,50-70 pounds,11-14 years,Airedale Terrier,https://www.akc.org/dog-breeds/airedale-terrier/
"Courageous, Dignified, Profoundly Loyal","26-28 inches (male), 24-26 inches (female)","100-130 pounds (male), 70-100 pounds (female)",10-13 years,Akita,https://www.akc.org/dog-breeds/akita/
"Affectionate, Loyal, Playful","25 inches (male), 23 inches (female)","85 pounds (male), 75 pounds (female)",10-14 years,Alaskan Malamute,https://www.akc.org/dog-breeds/alaskan-malamute/
"Loyal, Self-Confident",22-25 inches (males); 20-23 inches (females),75-100 pounds (males); 60-80 pounds (females),10-12 years,American Bulldog,https://www.akc.org/dog-breeds/american-bulldog/
"Sweet, Mellow, Sociable","24-26 inches (male), 23-25 inches (female)",45-65 pounds,11-12 years,American English Coonhound,https://www.akc.org/dog-breeds/american-english-coonhound/
"Playful, Perky, Smart","9-12 inches (toy), 12-15 inches (miniature), 15-19 inches (Standard)","6-10 pounds (toy), 10-20 pounds (miniature), 25-35 pounds (standard)",13-15 years,American Eskimo Dog,https://www.akc.org/dog-breeds/american-eskimo-dog/
"Independent, Easy-Going, Sweet-Tempered","22-25 inches (male), 21-24 inches (female)","65-70 pounds (male), 60-65 pounds (female)",11-13 years,American Foxhound,https://www.akc.org/dog-breeds/american-foxhound/
"Energetic, Alert, Curious",12-16 inches,12-16 pounds,14-16 years,American Hairless Terrier,https://www.akc.org/dog-breeds/american-hairless-terrier/
"Sociable, Energetic, Intelligent",21-27 inches,45-70 pounds,12-15 years,American Leopard Hound,https://www.akc.org/dog-breeds/american-leopard-hound/
"Confident, Smart, Good-Natured","18-19 inches (male), 17-18 inches (female)","55-70 pounds (male), 40-55 pounds (female)",12-16 years,American Staffordshire Terrier,https://www.akc.org/dog-breeds/american-staffordshire-terrier/
"Eager, Happy, Charming",15-18 inches,"30-45 pounds (male), 25-40 pounds (female)",10-14 years,American Water Spaniel,https://www.akc.org/dog-breeds/american-water-spaniel/
"Loyal, Independent, Reserved","29 inches (male), 27 inches (female)","110-150 pounds (male), 80-120 pounds (female)",11-13 years,Anatolian Shepherd Dog,https://www.akc.org/dog-breeds/anatolian-shepherd-dog/
"Agile, Versatile, Lively",19-22 inches,48-70 pounds,12-15 years,Appenzeller Sennenhund,https://www.akc.org/dog-breeds/appenzeller-sennenhund/
"Alert, Curious, Pleasant","18-20 inches (male), 17-19 inches (female)",35-50 pounds,12-16 years,Australian Cattle Dog,https://www.akc.org/dog-breeds/australian-cattle-dog/
"Loyal, Alert, Intelligent",17-20 inches,,10-13 years,Australian Kelpie,https://www.akc.org/dog-breeds/australian-kelpie/
"Smart, Work-Oriented, Exuberant","20-23 inches (male), 18-21 inches (female)","50-65 pounds (male), 40-55 pounds (female)",12-15 years,Australian Shepherd,https://www.akc.org/dog-breeds/australian-shepherd/
"Alert, Trainable, Comical","18-20 inches (males), 17-19 inches (females)","38-45 pounds (males), 32-35 pounds (females)",12-15 years,Australian Stumpy Tail Cattle Dog,https://www.akc.org/dog-breeds/australian-stump-tail-cattle-dog/
"Affectionate, Courageous, Spirited",10-11 inches,15-20 pounds,11-15 years,Australian Terrier,https://www.akc.org/dog-breeds/australian-terrier/
"Loyal, Independent, Deeply Affectionate","25-29 inches (male), 23.5-27.5 inches (female)","44-55 pounds (male), 33-44 pounds (female)",12-15 years,Azawakh,https://www.akc.org/dog-breeds/azawakh/
"Friendly, Bright, Sweet-Natured",19-24.5 inches,35-65 pounds,12-14 years,Barbet,https://www.akc.org/dog-breeds/barbet/
"Independent, Smart, Poised","17 inches (male), 16 inches (female)","24 pounds (male), 22 pounds (female)",13-14 years,Basenji,https://www.akc.org/dog-breeds/basenji/
"Smart, Cheerful, Determined",12.5-15.5 inches,27-35 pounds,12+ years,Basset Fauve de Bretagne,https://www.akc.org/dog-breeds/basset-fauve-de-bretagne/
"Charming, Patient, Low-Key",up to 15 inches,40-65 pounds,12-13 years,Basset Hound,https://www.akc.org/dog-breeds/basset-hound/
"Loyal, Versatile, Reserved with Strangers",17-20.5 inches,37-66 pounds,12-15 years,Bavarian Mountain Scent Hound,https://www.akc.org/dog-breeds/bavarian-mountain-scent-hound/
"Friendly, Curious, Merry","13 inches & under, 13-15 inches","under 20 pounds (13 inches & under), 20-30 pounds (13-15 inches)",10-15 years,Beagle,https://www.akc.org/dog-breeds/beagle/
"Smart, Bouncy, Charismatic","21-22 inches (male), 20-21 inches (female)",45-55 pounds,12-14 years,Bearded Collie,https://www.akc.org/dog-breeds/bearded-collie/
"Gentle, Faithful, Obedient","25.5-27.5 inches (male), 24-26.5 inches (female)",70-110 pounds,10-12 years,Beauceron,https://www.akc.org/dog-breeds/beauceron/
"Loyal, Charming, Frollicking",15-17.5 inches,17-23 pounds,11-16 years,Bedlington Terrier,https://www.akc.org/dog-breeds/bedlington-terrier/
"Affectionate, Alert, Intelligent","24-26 inches (male), 22-24 inches (female)",55-65 pounds,10-12 years,Belgian Laekenois,https://www.akc.org/dog-breeds/belgian-laekenois/
"Confident, Smart, Hardworking","24-26 inches (male), 22-24 inches (female)","60-80 pounds (male), 40-60 pounds (female)",14-16 years,Belgian Malinois,https://www.akc.org/dog-breeds/belgian-malinois/
"Bright, Watchful, Serious-Minded","24-26 inches (male), 22-24 inches (female)","55-75 pounds (male), 45-60 pounds (female)",12-14 years,Belgian Sheepdog,https://www.akc.org/dog-breeds/belgian-sheepdog/
"Courageous, Alert, Intelligent","24-26 inches (male), 22-24 inches (female)","55-75 pounds (male), 45-60 pounds (female)",12-14 years,Belgian Tervuren,https://www.akc.org/dog-breeds/belgian-tervuren/
"Independent, Sociable, Intelligent","23.5 inches (male), 22 inches (female)","70-84 pounds (male), 57-71 pounds (female)",13-15 years,Bergamasco Sheepdog,https://www.akc.org/dog-breeds/bergamasco-sheepdog/
"Loyal, Good-Natured, Observant","23.5-25.5 inches (male), 21.5-23.5 inches (female)",50-70 pounds,12-13 years,Berger Picard,https://www.akc.org/dog-breeds/berger-picard/
"Good-Natured, Calm, Strong","25-27.5 inches (male), 23-26 inches (female)","80-115 pounds (male), 70-95 pounds (female)",7-10 years,Bernese Mountain Dog,https://www.akc.org/dog-breeds/bernese-mountain-dog/
"Playful, Curious, Peppy",9.5-11.5 inches,12-18 pounds,14-15 years,Bichon Frise,https://www.akc.org/dog-breeds/bichon-frise/
"Intelligent, Devoted, Amusing",7-11 inches,4-8 pounds,16 years,Biewer Terrier,https://www.akc.org/dog-breeds/biewer-terrier/
"Easy-Going, Bright, Brave","25-27 inches (male), 23-25 inches (female)",65-110 pounds,10-12 years,Black and Tan Coonhound,https://www.akc.org/dog-breeds/black-and-tan-coonhound/
"Intelligent, Calm, Powerful","27-30 inches (male), 26-29 inches (female)",80-130 pounds,10-12 years,Black Russian Terrier,https://www.akc.org/dog-breeds/black-russian-terrier/
"Friendly, Independent, Inquisitive","25-27 inches (male), 23-25 inches (female)","90-110 pounds (male), 80-100 pounds (female)",10-12 years,Bloodhound,https://www.akc.org/dog-breeds/bloodhound/
"Smart, Devoted, Tenacious","22-27 inches (male), 21-25 inches (female)","55-80 pounds (male), 45-65 pounds (female)",11-12 years,Bluetick Coonhound,https://www.akc.org/dog-breeds/bluetick-coonhound/
"Confident, Intelligent, Calm","24-27 inches (male), 22-25 inches (female)",150-200 pounds,9-11 years,Boerboel,https://www.akc.org/dog-breeds/boerboel/
"Friendly, Devoted, Alert and Intelligent","20.5-21.7 inches (males), 19.3-20.5 inches (females)","41-60 pounds (males), 37-53 pounds (females)",12-15 years,Bohemian Shepherd,https://www.akc.org/dog-breeds/bohemian-shepherd/
"Playful, Easy-Going, Devoted",10-12 inches,5.5-9 pounds,12-14 years,Bolognese,https://www.akc.org/dog-breeds/bolognese/
"Affectionate, Smart, Energetic","19-22 inches (male), 18-21 inches (female)",30-55 pounds,12-15 years,Border Collie,https://www.akc.org/dog-breeds/border-collie/
"Affectionate, Happy, Plucky",12-15 inches,"13-15.5 pounds (male), 11.5-14 pounds (female)",12-15 years,Border Terrier,https://www.akc.org/dog-breeds/border-terrier/
"Affectionate, Loyal, Regally Dignified","28 inches & up (male), 26 inches & up (female)","75-105 pounds (male), 60-85 pounds (female)",9-14 years,Borzoi,https://www.akc.org/dog-breeds/borzoi/
"Friendly, Bright, Amusing",15-17 inches,12-25 pounds,11-13 years,Boston Terrier,https://www.akc.org/dog-breeds/boston-terrier/
"Affectionate, Courageous, Strong-Willed","24.5-27.5 inches (male), 23.5-26.5 inches (female)",70-110 pounds,10-12 years,Bouvier des Flandres,https://www.akc.org/dog-breeds/bouvier-des-flandres/
"Bright, Fun-Loving, Active","23-25 inches (male), 21.5-23.5 inches (female)","65-80 pounds (male), females are about 15 pounds less than male",10-12 years,Boxer,https://www.akc.org/dog-breeds/boxer/
"Friendly, Eager, Lovable","15.5-18 inches (male), 14-16.5 inches (female)","30-40 pounds (male), 25-35 pounds (female)",10-15 years,Boykin Spaniel,https://www.akc.org/dog-breeds/boykin-spaniel/
"Affectionate, Intelligent, Enthusiastic",21-27 inches,55-90 pounds,10-14 years,Bracco Italiano,https://www.akc.org/dog-breeds/bracco-italiano/
"Affectionate, Adaptable, Gentle",19-22.5 inches,35-53 pounds,10-12 years,Braque du Bourbonnais,https://www.akc.org/dog-breeds/braque-du-bourbonnais/
"Friendly, Smart, Willing to Please",18.5-23 inches,40-55 pounds,,Braque Francais Pyrenean,https://www.akc.org/dog-breeds/braque-francais-pyrenean/
"Confident, Smart, Faithful","23-27 inches (male), 22-25.5 inches (female)",55-100 pounds,12 years,Briard,https://www.akc.org/dog-breeds/briard/
"Bright, Fun-Loving, Upbeat",17.5-20.5 inches,30-40 pounds,12-14 years,Brittany,https://www.akc.org/dog-breeds/brittany/
"Friendly, Watchful, Loving",27.5-29.5 inches,90-150 pounds,8-10 years,Broholmer,https://www.akc.org/dog-breeds/broholmer/
"Loyal, Alert, Curious",7-10 inches,8-10 pounds,12-15 years,Brussels Griffon,https://www.akc.org/dog-breeds/brussels-griffon/
"Playful, Charming, Mischievous",21-22 inches,50-70 pounds,12-13 years,Bull Terrier,https://www.akc.org/dog-breeds/bull-terrier/
"Friendly, Courageous, Calm",14-15 inches,"50 pounds (male), 40 pounds (female)",8-10 years,Bulldog,https://www.akc.org/dog-breeds/bulldog/
"Affectionate, Loyal, Brave","25-27 inches (male), 24-26 inches (female)","110-130 pounds (male), 100-120 pounds (female)",7-9 years,Bullmastiff,https://www.akc.org/dog-breeds/bullmastiff/
"Alert, Cheerful, Busy","10 inches (male), 9.5 inches (female)","14 pounds (male), 13 pounds (female)",13-15 years,Cairn Terrier,https://www.akc.org/dog-breeds/cairn-terrier/
"Confident, Alert, Vigilant","20-24 inches (male), 19-23 inches (female)","45-55 pounds (male), 35-45 pounds (female)",12-15 years,Canaan Dog,https://www.akc.org/dog-breeds/canaan-dog/
"Affectionate, Intelligent, Majestic","25-27.5 inches (male), 23.5-26 inches (female)",Proportionate to height,9-12 years,Cane Corso,https://www.akc.org/dog-breeds/cane-corso/
"Affectionate, Loyal, Smart",10.5-12.5 inches,"30-38 pounds (male), 25-34 pounds (female)",12-15 years,Cardigan Welsh Corgi,https://www.akc.org/dog-breeds/cardigan-welsh-corgi/
"Loyal, Independent, Reserved with Strangers",17.75-19.5 inches,30-55 pounds,,Carolina Dog,https://www.akc.org/dog-breeds/carolina-dog/
"Loyal, Independent, Watchful",22-24 inches,50-95 pounds,10-14 years,Catahoula Leopard Dog,https://www.akc.org/dog-breeds/catahoula-leopard-dog/
"Fearless, Bold, Kind",23-30 inches,99-170 pounds,10-12 years,Caucasian Shepherd Dog,https://www.akc.org/dog-breeds/caucasian-shepherd-dog/
"Affectionate, Gentle, Graceful",12-13 inches,13-18 pounds,12-15 years,Cavalier King Charles Spaniel,https://www.akc.org/dog-breeds/cavalier-king-charles-spaniel/
"Independent, Courageous, Self-Confident",Minimum: 25.5-27.5 inches,Minimum: 88-110 pounds,,Central Asian Shepherd Dog,https://www.akc.org/dog-breeds/central-asian-shepherd-dog/
"Clever, Adventurous, Family-Oriented",10-13 inches,14-24 pounds,12-15 years,Cesky Terrier,https://www.akc.org/dog-breeds/cesky-terrier/
"Affectionate, Bright, Sensitive","23-26 inches (male), 21-24 inches (female)","65-80 pounds (male), 55-70 pounds (female)",10-13 years,Chesapeake Bay Retriever,https://www.akc.org/dog-breeds/chesapeake-bay-retriever/
"Charming, Graceful, Sassy",5-8 inches,not exceeding 6 pounds,14-16 years,Chihuahua,https://www.akc.org/dog-breeds/chihuahua/
"Affectionate, Alert, Lively",11-13 inches,8-12 pounds,13-18 years,Chinese Crested,https://www.akc.org/dog-breeds/chinese-crested/
"Loyal, Independent, Calm",18-20 inches,45-60 pounds,8-12 years,Chinese Shar-Pei,https://www.akc.org/dog-breeds/chinese-shar-pei/
"Smart, Patient, Devoted","24-26 inches (male), 22-24 inches (female)","55-90 pounds (male), 50-65 pounds (female)",12-15 years,Chinook,https://www.akc.org/dog-breeds/chinook/
"Dignified, Bright, Serious-Minded",17-20 inches,45-70 pounds,8-12 years,Chow Chow,https://www.akc.org/dog-breeds/chow-chow/
"Affectionate, Friendly, Independent","18-19.5 inches (male), 16.5-18 inches (female)","22-26 pounds (male), 17-22 pounds (female)",12-14 years,Cirneco dell’Etna,https://www.akc.org/dog-breeds/cirneco-delletna/
"Mellow, Amusing, Gentlemanly","18-20 inches (male), 17-19 inches (female)","70-85 pounds (male), 55-70 pounds (female)",10-12 years,Clumber Spaniel,https://www.akc.org/dog-breeds/clumber-spaniel/
"Gentle, Smart, Happy","14.5-15.5 inches (male), 13.5-14.5 inches (female)","25-30 pounds (male), 20-25 pounds (female)",10-14 years,Cocker Spaniel,https://www.akc.org/dog-breeds/cocker-spaniel/
"Devoted, Graceful, Proud","24-26 inches (male), 22-24 inches (female)","60-75 pounds (male), 50-65 pounds (female)",12-14 years,Collie,https://www.akc.org/dog-breeds/collie/
"Charming, Bright, Happy-Go-Lucky","10-11 inches (male), 9-10 inches (female)","9-15 pounds (male), 8-13 pounds (female)",15-19 years,Coton de Tulear,https://www.akc.org/dog-breeds/coton-de-tulear/
"Loyal, Active, Alert and Intelligent",16-20 inches,29-44 pounds,13-14 years,Croatian Sheepdog,https://www.akc.org/dog-breeds/croatian-sheepdog/
"Confident, Proud, Wickedly Smart","25-27 inches (male), 23-25 inches (female)",60-95 pounds,10-12 years,Curly-Coated Retriever,https://www.akc.org/dog-breeds/curly-coated-retriever/
"Loyal, Intelligent, Active",Minimum: 23.5-25.5 inches,Minimum: 44-57 pounds,10-15 years,Czechoslovakian Vlcak,https://www.akc.org/dog-breeds/czechoslovakian-vlcak/
"Friendly, Curious, Spunky","8-9 inches (standard), 5-6 inches (miniature)","16-32 pounds (standard), 11 pounds & under (miniature)",12-16 years,Dachshund,https://www.akc.org/dog-breeds/dachshund/
"Dignified, Smart, Outgoing",19-24 inches,45-70 pounds,11-13 years,Dalmatian,https://www.akc.org/dog-breeds/dalmatian/
"Independent, Smart, Proud",8-11 inches,18-24 pounds,12-15 years,Dandie Dinmont Terrier,https://www.akc.org/dog-breeds/dandie-dinmont-terrier/
"Energetic, Trainable, Attentive",12.5-14.5 inches,15-20 pounds,11-13 years,Danish-Swedish Farmdog,https://www.akc.org/dog-breeds/danish-swedish-farmdog/
"Friendly, Versatile, Determined",18-21 inches,40-55 pounds,12-14 years,Deutscher Wachtelhund,https://www.akc.org/dog-breeds/deutscher-wachtelhund/
"Loyal, Fearless, Alert","26-28 inches (male), 24-26 inches (female)","75-100 pounds (male), 60-90 pounds (female)",10-12 years,Doberman Pinscher,https://www.akc.org/dog-breeds/doberman-pinscher/
"Friendly, Cheerful, Humble","24-26.5 inches (male), 24-25.5 inches (female)","88-100 pounds (male), 88-95 pounds (female)",9-15 years,Dogo Argentino,https://www.akc.org/dog-breeds/dogo-argentino/
"Affectionate, Loyal, Courageous","23.27 inches (male), 23-26 inches (female)","110 pounds & up (male), 99 pounds & up (female)",5-8 years,Dogue de Bordeaux,https://www.akc.org/dog-breeds/dogue-de-bordeaux/
"Loyal, Intelligent, Sensitive",21-25 inches,48-73 pounds,11–14 years,Drentsche Patrijshond,https://www.akc.org/dog-breeds/drentsche-patrijshond/
"Loyal, Even-Tempered, Determined",12-15 inches,35-40 pounds,~15 years,Drever,https://www.akc.org/dog-breeds/drever/
"Intelligent, Lively, Athletic",21.5-24.5 inches,42-75 pounds,11-14 years,Dutch Shepherd,https://www.akc.org/dog-breeds/dutch-shepherd/
"Energetic, Merry, Responsive","16-17 inches (male), 15-16 inches (female)","28-34 pounds (male), 26-32 pounds (female)",12-14 years,English Cocker Spaniel,https://www.akc.org/dog-breeds/english-cocker-spaniel/
"Affectionate, Gentle, Sociable",24 inches,60-75 pounds,10-13 years,English Foxhound,https://www.akc.org/dog-breeds/english-foxhound/
"Friendly, Mellow, Merry","25-27 inches (male), 23-25 inches (female)","65-80 pounds (male), 45-55 pounds (female)",12 years,English Setter,https://www.akc.org/dog-breeds/english-setter/
"Friendly, Playful, Obedient","20 inches (male), 19 inches (female)","50 pounds (male), 40 pounds (female)",12-14 years,English Springer Spaniel,https://www.akc.org/dog-breeds/english-springer-spaniel/
"Gentle, Playful, Intelligent",9-10 inches,8-14 pounds,10-12 years,English Toy Spaniel,https://www.akc.org/dog-breeds/english-toy-spaniel/
"Loyal, Smart, Enthusiastic","17-21 inches (male), 16-20 inches (female)","50-65 pounds (male), 40-55 pounds (female)",11-13 years,Entlebucher Mountain Dog,https://www.akc.org/dog-breeds/entlebucher-mountain-dog/
"Alert, Intelligent, Brave",24.5-29 inches,77-132 pounds,10-14 years,Estrela Mountain Dog,https://www.akc.org/dog-breeds/estrela-mountain-dog/
"Confident, Calm, Family-Oriented",19-24 inches,40-70 pounds,12-16 years,Eurasier,https://www.akc.org/dog-breeds/eurasier/
"Sweet, Fun-Loving, Sensitive","18 inches (male), 17 inches (female)",35-50 pounds,12-13 years,Field Spaniel,https://www.akc.org/dog-breeds/field-spaniel/
"Friendly, Alert, Agile","18-21 inches (male), 16-19 inches (female)",33-53 pounds,12-15 years,Finnish Lapphund,https://www.akc.org/dog-breeds/finnish-lapphund/
"Friendly, Good-Natured, Lively","17.5-20 inches (male), 15.5-18 inches (female)","25-33 pounds (male), 20-28 pounds (female)",13-15 years,Finnish Spitz,https://www.akc.org/dog-breeds/finnish-spitz/
"Cheerful, Optimistic, Good-Humored","23-24.5 inches (male), 22-23.5 inches (female)",60-70 pounds,8-10 years,Flat-Coated Retriever,https://www.akc.org/dog-breeds/flat-coated-retriever/
"Adaptable, Playful, Smart",11-13 inches,under 28 pounds,10-12 years,French Bulldog,https://www.akc.org/dog-breeds/french-bulldog/
"Gentle, Sociable, Intelligent",21.5-24 inches,50-60 pounds,10-12 years,French Spaniel,https://www.akc.org/dog-breeds/french-spaniel/
"Versatile, Calm, Family-Oriented",22-28 inches,55-80 pounds,12-14 years,German Longhaired Pointer,https://www.akc.org/dog-breeds/german-longhaired-pointer/
"Courageous, Intelligent, Vivacious",17-20 inches,25-45 pounds,12-14 years,German Pinscher,https://www.akc.org/dog-breeds/german-pinscher/
"Confident, Courageous, Smart","24-26 inches (male), 22-24 inches (female)","65-90 pounds (male), 50-70 pounds (female)",7-10 years,German Shepherd Dog,https://www.akc.org/dog-breeds/german-shepherd-dog/
"Friendly, Smart, Willing to Please","23-25 inches (male), 21-23 inches (female)","55-70 pounds (male), 45-60 pounds (female)",10-12 years,German Shorthaired Pointer,https://www.akc.org/dog-breeds/german-shorthaired-pointer/
"Devoted, Lively, Attentive",12-15 inches,24-26 pounds,13-15 years,German Spitz,https://www.akc.org/dog-breeds/german-spitz/
"Affectionate, Eager, Enthusiastic","24-26 inches (male), minimum 22 inches (female)",50-70 pounds,14-16 years,German Wirehaired Pointer,https://www.akc.org/dog-breeds/german-wirehaired-pointer/
"Loyal, Alert, Trainable","25.5-27.5 inches (male), 23.5-25.5 inches (female)","60-85 pounds (male), 55-75 pounds (female)",12-15 years,Giant Schnauzer,https://www.akc.org/dog-breeds/giant-schnauzer/
"Gentle, Spirited, Bold",12.5-14 inches,32-40 pounds,10-15 years,Glen of Imaal Terrier,https://www.akc.org/dog-breeds/glen-of-imaal-terrier/
"Friendly, Intelligent, Devoted","23-24 inches (male), 21.5-22.5 inches (female)","65-75 pounds (male), 55-65 pounds (female)",10-12 years,Golden Retriever,https://www.akc.org/dog-breeds/golden-retriever/
"Affectionate, Confident, Bold","24-27 inches (male), 23-26 inches (female)","55-80 pounds (male), 45-70 pounds (female)",12-13 years,Gordon Setter,https://www.akc.org/dog-breeds/gordon-setter/
"Independent, Happy, Outgoing",15.5-18 inches,40-45 pounds,13-15 years,Grand Basset Griffon Vendéen,https://www.akc.org/dog-breeds/grand-basset-griffon-vendeen/
"Friendly, Patient, Dependable","30-32 inches (male), 28-30 inches (female)","140-175 pounds (male), 110-140 pounds (female)",7-10 years,Great Dane,https://www.akc.org/dog-breeds/great-dane/
"Smart, Patient, Calm","27-32 inches (male), 25-29 inches (female)","100 pounds & up (male), 85 pounds & up (female)",10-12 years,Great Pyrenees,https://www.akc.org/dog-breeds/great-pyrenees/
"Faithful, Family-Oriented, Dependable","25.5-28.5 inches (male), 23.5-27 inches (female)","115-140 pounds (male), 85-110 pounds (female)",8-11 years,Greater Swiss Mountain Dog,https://www.akc.org/dog-breeds/greater-swiss-mountain-dog/
"Gentle, Independent, Noble","28-30 inches (male), 27-28 inches (female)","65-70 pounds (male), 60-65 pounds (female)",10-13 years,Greyhound,https://www.akc.org/dog-breeds/greyhound/
"Agile, Versatile, Regal",19-24 inches,40-75 pounds,14-17 years,Hamiltonstovare,https://www.akc.org/dog-breeds/hamiltonstovare/
"Loyal, Independent, Calm",19-21 inches,79-99 pounds,10-14 years,Hanoverian Scenthound,https://www.akc.org/dog-breeds/hanoverian-scenthound/
"Friendly, Outgoing, People-Oriented",19-21 inches,45-60 pounds,12-15 years,Harrier,https://www.akc.org/dog-breeds/harrier/
"Intelligent, Outgoing, Funny",8.5-11.5 inches,7-13 pounds,14-16 years,Havanese,https://www.akc.org/dog-breeds/havanese/
"Dignified, Alert, Devoted",18-20 inches,44-66 pounds,12-15 years,Hokkaido,https://www.akc.org/dog-breeds/hokkaido/
"Alert, Faithful, Intelligent",23-28 inches,65-90 pounds,10-14 years,Hovawart,https://www.akc.org/dog-breeds/hovawart/
"Family-Oriented, Even-Tempered, Polite","23.5-27.5 inches (male), 22.5-26 inches (female)","50 pounds (male), 45 pounds (female)",11-14 years,Ibizan Hound,https://www.akc.org/dog-breeds/ibizan-hound/
"Friendly, Playful, Inquisitive","18 inches (male), 16.5 inches (female)","30 pounds (male), 25 pounds (female)",12-14 years,Icelandic Sheepdog,https://www.akc.org/dog-breeds/icelandic-sheepdog/
"Courageous, Spirited, Determined","24.5-26 inches (male), 22.5-24 inches (female)","42-60 pounds (male), 35-50 pounds (female)",11-15 years,Irish Red and White Setter,https://www.akc.org/dog-breeds/irish-red-and-white-setter/
"Active, Outgoing, Sweet-Natured","27 inches (male), 25 inches (female)","70 pounds (male), 60 pounds (female)",12-15 years,Irish Setter,https://www.akc.org/dog-breeds/irish-setter/
"Bold, Dashing, Tenderhearted",18 inches,"27 pounds (male), 25 pounds (female)",13-15 years,Irish Terrier,https://www.akc.org/dog-breeds/irish-terrier/
"Playful, Hardworking, Brave","22-24 inches (male), 21-23 inches (female)","55-68 pounds (male), 45-58 pounds (female)",12-13 years,Irish Water Spaniel,https://www.akc.org/dog-breeds/irish-water-spaniel/
"Courageous, Dignified, Calm","32 inches minimum (male), 30 inches minimum (female)","120 pounds (male), 105 pounds (female)",6-8 years,Irish Wolfhound,https://www.akc.org/dog-breeds/irish-wolfhound/
"Playful, Alert, Sensitive",13-15 inches,7-14 pounds,14-15 years,Italian Greyhound,https://www.akc.org/dog-breeds/italian-greyhound/
"Courageous, Intelligent, Hardworking",13-16 inches,17-22 pounds,10-12 years,Jagdterrier,https://www.akc.org/dog-breeds/jagdterrier/
"Charming, Noble, Loving",8-11 inches,7-11 pounds,10-12 years,Japanese Chin,https://www.akc.org/dog-breeds/japanese-chin/
"Loyal, Playful, Smart",12-15 inches,10-25 pounds,12-14 years,Japanese Spitz,https://www.akc.org/dog-breeds/japanese-spitz/
"Alert, Intelligent, Bold",18-22 inches,30-50 pounds,~14 years,Jindo,https://www.akc.org/dog-breeds/jindo/
"Loyal, Agile, Keen",15.5-19.5 inches,20-40 pounds,12-15 years,Kai Ken,https://www.akc.org/dog-breeds/kai-ken/
"Loyal, Independent, Courageous",19-23.5 inches,44-49 pounds,11-13 years,Karelian Bear Dog,https://www.akc.org/dog-breeds/karelian-bear-dog/
"Friendly, Lively, Outgoing","18 inches (male), 17 inches (female)",35-45 pounds,12-15 years,Keeshond,https://www.akc.org/dog-breeds/keeshond/
"Smart, Alert, People-Oriented","18-19.5 inches (male), 17.5-19 inches (female)","33-40 pounds (male), females weigh slightly less than males",12-15 years,Kerry Blue Terrier,https://www.akc.org/dog-breeds/kerry-blue-terrier/
"Faithful, Noble, Docile",17-22 inches,30-60 pounds,11-13 years,Kishu Ken,https://www.akc.org/dog-breeds/kishu-ken/
"Loyal, Dignified, Brave","27.5 minimum inches (male), 25.5 minimum inches (female)","100 pounds or more (male), 80 pounds or more (female)",10-12 years,Komondor,https://www.akc.org/dog-breeds/komondor/
"Intelligent, Active, Sensitive",15-18 inches,20-35 pounds,13-15 years,Kromfohrlander,https://www.akc.org/dog-breeds/kromfohrlander/
"Loyal, Fearless, Sweet","28-30 inches (male), 26-28 inches (female)","100-115 pounds (male), 70-90 pounds (female)",10-12 years,Kuvasz,https://www.akc.org/dog-breeds/kuvasz/
"Friendly, Active, Outgoing","22.5-24.5 inches (male), 21.5-23.5 inches (female)","65-80 pounds (male), 55-70 pounds (female)",10-12 years,Labrador Retriever,https://www.akc.org/dog-breeds/labrador-retriever/
"Affectionate, Keen, Undemanding","17-19 inches (male), 16-18 inches (female)","28.5-35 pounds (male), 24-31 pounds (female)",15-17 years,Lagotto Romagnolo,https://www.akc.org/dog-breeds/lagotto-romagnolo/
"Friendly, Confident, Bold","14-15 inches (male), slightly smaller (female)","17 pounds (male), slightly smaller (female)",12-15 years,Lakeland Terrier,https://www.akc.org/dog-breeds/lakeland-terrier/
"Affectionate, Versatile, Intelligent",10-12 inches,9-17 pounds,12-15 years,Lancashire Heeler,https://www.akc.org/dog-breeds/lancashire-heeler/
"Friendly, Energetic, Intelligent",18-20 inches,70 pounds,10-14 years,Lapponian Herder,https://www.akc.org/dog-breeds/lapponian-herder/
"Friendly, Gentle, Playful","28-31.5 inches (male), 25.5-29.5 inches (female)","110-170 pounds (male), 90-140 pounds (female)",9 years,Leonberger,https://www.akc.org/dog-breeds/leonberger/
"Confident, Smart, Comical","10-11 inches (male), slightly smaller (female)",12-18 pounds,12-15 years,Lhasa Apso,https://www.akc.org/dog-breeds/lhasa-apso/
"Affectionate, Outgoing, Positive",11-13 inches,10-15 pounds,15+ years,Löwchen,https://www.akc.org/dog-breeds/lowchen/
"Gentle, Playful, Charming",7-9 inches,under 7 pounds,12-15 years,Maltese,https://www.akc.org/dog-breeds/maltese/
"Spirited, Bright, Keenly Observant",15-16 inches,12-22 pounds,15-17 years,Manchester Terrier (Standard),https://www.akc.org/dog-breeds/manchester-terrier-standard/
"Agile, Spirited, Intelligent",10-12 inches,under 12 pounds,15-17 years,Manchester Terrier (Toy),https://www.akc.org/dog-breeds/manchester-terrier-toy/
"Courageous, Dignified, Good-Natured","30 inches & up (male), 27.5 inches & up (female)","160-230 pounds (male), 120-170 pounds (female)",6-10 years,Mastiff,https://www.akc.org/dog-breeds/mastiff/
"Good-Natured, Intelligent, Devoted","14-18 inches (male), 13-17 inches (female)",20-40 pounds,12-13 years,Miniature American Shepherd,https://www.akc.org/dog-breeds/miniature-american-shepherd/
"Upbeat, Mischievous, Comical",10-14 inches,18-28 pounds,11-13 years,Miniature Bull Terrier,https://www.akc.org/dog-breeds/miniature-bull-terrier/
"Fearless, Fun-Loving, Proud",10-12.5 inches,8-10 pounds,12-16 years,Miniature Pinscher,https://www.akc.org/dog-breeds/miniature-pinscher/
"Friendly, Smart, Obedient",12-14 inches,11-20 pounds,12-15 years,Miniature Schnauzer,https://www.akc.org/dog-breeds/miniature-schnauzer/
"Intelligent, Strong-Willed, Reserved with Strangers",16-26 inches,30-60 pounds,10-13 years,Mountain Cur,https://www.akc.org/dog-breeds/mountain-cur/
"Loyal, Intelligent, Active",15-18.5 inches,18-29 pounds,12-14 years,Mudi,https://www.akc.org/dog-breeds/mudi/
"Loyal, Dignified, Watchful","26-31 inches (male), 24-29 inches (female)","150 pounds (male), 110 pounds (female)",7-9 years,Neapolitan Mastiff,https://www.akc.org/dog-breeds/neapolitan-mastiff/
"Friendly, Alert, Quick","15-17 inches (male), 14-16 inches (female)",20-30 pounds,12-15 years,Nederlandse Kooikerhondje,https://www.akc.org/dog-breeds/nederlandse-kooikerhondje/
"Sweet, Patient, Devoted","28 inches (male), 26 inches (female)","130-150 pounds (male), 100-120 pounds (female)",9-10 years,Newfoundland,https://www.akc.org/dog-breeds/newfoundland/
"Fearless, Alert, Fun-Loving",9-10 inches,11-12 pounds,12-16 years,Norfolk Terrier,https://www.akc.org/dog-breeds/norfolk-terrier/
"Fearless, Agile, Attentive",16.5-18 inches,20-30 pounds,14-17 years,Norrbottenspets,https://www.akc.org/dog-breeds/norrbottenspets/
"Confident, Smart, Perceptive","17-18.5 inches (male), 16-17.5 inches (female)","31-40 pounds (male), 26-35 pounds (female)",12-15 years,Norwegian Buhund,https://www.akc.org/dog-breeds/norwegian-buhund/
"Friendly, Confident, Dependable","20.5 inches (male), 19.5 inches (female)","55 pounds (male), 48 pounds (female)",12-15 years,Norwegian Elkhound,https://www.akc.org/dog-breeds/norwegian-elkhound/
"Loyal, Energetic, Alert","13-15 inches (male), 12-14 inches (female)",20-30 pounds,12-15 years,Norwegian Lundehund,https://www.akc.org/dog-breeds/norwegian-lundehund/
"Affectionate, Alert, Curious",10 inches,12 pounds,12-15 years,Norwich Terrier,https://www.akc.org/dog-breeds/norwich-terrier/
"Affectionate, Intelligent, Outgoing","18-21 inches (male), 17-20 inches (female)",35-50 pounds,12-14 years,Nova Scotia Duck Tolling Retriever,https://www.akc.org/dog-breeds/nova-scotia-duck-tolling-retriever/
"Adaptable, Gentle, Smart","22 inches & up (male), 21 inches & up (female)",60-100 pounds,10-12 years,Old English Sheepdog,https://www.akc.org/dog-breeds/old-english-sheepdog/
"Even-Tempered, Amiable, Boisterous","27 inches (male), 24 inches (female)","115 pounds (male), 80 pounds (female)",10-13 years,Otterhound,https://www.akc.org/dog-breeds/otterhound/
"Friendly, Alert, Happy",8-11 inches,5-10 pounds,14-16 years,Papillon,https://www.akc.org/dog-breeds/papillon/
"Friendly, Clever, Athletic","14 inches (male), 13 inches (female)",13-17 pounds,13-15 years,Parson Russell Terrier,https://www.akc.org/dog-breeds/parson-russell-terrier/
"Affectionate, Loyal, Regal in Manner",6-9 inches,up to 14 pounds,12-14 years,Pekingese,https://www.akc.org/dog-breeds/pekingese/
"Affectionate, Smart, Alert",10-12 inches,"up to 30 pounds (male), up to 28 pounds (female)",12-13 years,Pembroke Welsh Corgi,https://www.akc.org/dog-breeds/pembroke-welsh-corgi/
"Confident, Calm, Strong-Willed",22-26 inches,84-110 pounds,9-11 years,Perro de Presa Canario,https://www.akc.org/dog-breeds/perro-de-presa-canario/
"Affectionate, Loyal, Noble",9.75-15.75 inches (small) 15.75-19.75 inches (medium) 19.75-25.75 inches (large),8.5-17.5 pounds (small) 17.5-26.5 pounds (medium) 26.5-55 pounds (large),12-14 years,Peruvian Inca Orchid,https://www.akc.org/dog-breeds/peruvian-inca-orchid/
"Alert, Happy, Vivacious",13-15 inches,25-40 pounds,12-14 years,Petit Basset Griffon Vendéen,https://www.akc.org/dog-breeds/petit-basset-griffon-vendeen/
"Friendly, Smart, Noble","23-25 inches (male), 21-24 inches (female)",45-55 pounds,12-14 years,Pharaoh Hound,https://www.akc.org/dog-breeds/pharaoh-hound/
"Loyal, Alert, Intelligent","20-25 inches (male), 20-23 inches (female)","50-60 pounds (male), 40-55 pounds (female)",12-14 years,Plott Hound,https://www.akc.org/dog-breeds/plott-hound/
"Loyal, Hardworking, Even-Tempered","25-28 inches (male), 23-26 inches (female)","55-75 pounds (male), 45-65 pounds (female)",12-17 years,Pointer,https://www.akc.org/dog-breeds/pointer/
"Confident, Clever, Lively","18-20 inches (male), 17-19 inches (female)",30-50 pounds,12-14 years,Polish Lowland Sheepdog,https://www.akc.org/dog-breeds/polish-lowland-sheepdog/
"Inquisitive, Bold, Lively",6-7 inches,3-7 pounds,12-16 years,Pomeranian,https://www.akc.org/dog-breeds/pomeranian/
"Active, Proud, Very Smart",10-15 inches,10-15 pounds,10-18 years,Poodle (Miniature),https://www.akc.org/dog-breeds/poodle-miniature/
"Active, Proud, Very Smart",Over 15 inches (standard),"60-70 pounds (male), 40-50 pounds (female)",10-18 years,Poodle (Standard),https://www.akc.org/dog-breeds/poodle-standard/
"Agile, Intelligent, Self-Confident",No more than 10 inches,4-6 pounds,10-18 years,Poodle (Toy),https://www.akc.org/dog-breeds/poodle-toy/
"Independent, Energetic, Powerful",22-23 inches,55-62 pounds,12-13 years,Porcelaine,https://www.akc.org/dog-breeds/porcelaine/
"Independent, Alert, Intelligent",22-28 inches (large) 16-22 inches (medium),44-66 pounds (large) 35-44 pounds (medium),10-12 years,Portuguese Podengo,https://www.akc.org/dog-breeds/portuguese-podengo/
"Playful, Charming, Lively",8-12 inches,9-13 pounds,12-15 years,Portuguese Podengo Pequeno,https://www.akc.org/dog-breeds/portuguese-podengo-pequeno/
"Affectionate, Smart, Energetic",20.5-22 inches,35-59 pounds,~14 years,Portuguese Pointer,https://www.akc.org/dog-breeds/portuguese-pointer/
"Intelligent, Devoted, Lively",16.5-21.5 inches,37.5-59 pounds,12-13 years,Portuguese Sheepdog,https://www.akc.org/dog-breeds/portuguese-sheepdog/
"Affectionate, Adventurous, Athletic","20-23 inches (male), 17-21 inches (female)","42-60 pounds (male), 35-50 pounds (female)",11-13 years,Portuguese Water Dog,https://www.akc.org/dog-breeds/portuguese-water-dog/
"Friendly, Smart, Willing to Please",22-26 inches,45-70 pounds,~14 years,Pudelpointer,https://www.akc.org/dog-breeds/pudelpointer/
"Charming, Mischievous, Loving",10-13 inches,14-18 pounds,13-15 years,Pug,https://www.akc.org/dog-breeds/pug/
"Loyal, Smart, Home-Loving","17 inches (male), 16 inches (female)",25-35 pounds,10-15 years,Puli,https://www.akc.org/dog-breeds/puli/
"Energetic, Lively, Ready to Work","16-18.5 inches (male), 15-17.5 inches (female)","27-29 pounds (male), 22-24 pounds (female)",12-13 years,Pumi,https://www.akc.org/dog-breeds/pumi/
"Gentle, Brave, Noble","30-31 inches (male), 25-30 inches (female)",120-240 pounds,10-13 years,Pyrenean Mastiff,https://www.akc.org/dog-breeds/pyrenean-mastiff/
"Affectionate, Active, Enthusiastic","15.5-18.5 inches (male rough-faced), 15-18 inches (female rough-faced), 15.5-21 inches (male smooth-faced), 15.5-20.5 inches (female smooth-faced)",15-30 pounds,Late teens,Pyrenean Shepherd,https://www.akc.org/dog-breeds/pyrenean-shepherd/
"Confident, Calm, Powerful",25-29 inches,77-132 pounds,12-14 years,Rafeiro do Alentejo,https://www.akc.org/dog-breeds/rafeiro-do-alentejo/
"Friendly, Inquisitive, Lovable","10-13 inches (miniature), 13-18 inches (standard)",10-25 pounds,12-18 years,Rat Terrier,https://www.akc.org/dog-breeds/rat-terrier/
"Even-Tempered, Amiable, Eager to Please","22-27 inches (male), 21-26 inches (female)",45-70 pounds,12-15 years,Redbone Coonhound,https://www.akc.org/dog-breeds/redbone-coonhound/
"Affectionate, Dignified, Even-Tempered","25-27 inches (male), 24-26 inches (female)","85 pounds (male), 70 pounds (female)",~10 years,Rhodesian Ridgeback,https://www.akc.org/dog-breeds/rhodesian-ridgeback/
"Loyal, Independent, Confident Guardian","27-29 inches (males), 22.5-28 inches (females)",100-130 lbs,12-14 years,Romanian Mioritic Shepherd Dog,https://www.akc.org/dog-breeds/romanian-mioritic-shepherd-dog/
"Loyal, Loving, Confident Guardian","24-27 inches (male), 22-25 inches (female)","95-135 pounds (male), 80-100 pounds (female)",9-10 years,Rottweiler,https://www.akc.org/dog-breeds/rottweiler/
"Alert, Inquisitive, Lively",10-12 inches,9-15 pounds,12-14 years,Russell Terrier,https://www.akc.org/dog-breeds/russell-terrier/
"Loyal, Smart, Charming",8-11 inches,Up to 6.5 pounds,12-14+ years,Russian Toy,https://www.akc.org/dog-breeds/russian-toy/
"Playful, Charming, Inquisitive",9-10 inches,4.5-11 pounds,12-16 years,Russian Tsvetnaya Bolonka,https://www.akc.org/dog-breeds/russian-tsvetnaya-bolonka/
"Playful, Charming, Inquisitive","28-30 inches (males), 26-28 inches (female)","140-180 pounds (male), 120-140 pounds (female)",8-10 years,Saint Bernard,https://www.akc.org/dog-breeds/st-bernard/
"Gentle, Dignified, Independent-Minded","23-28 inches (male), considerably smaller (female)",40-65 pounds,10-17 years,Saluki,https://www.akc.org/dog-breeds/saluki/
"Adaptable, Friendly, Gentle","21-23.5 inches (male), 19-21 inches (female)","45-65 pounds (male), 35-50 pounds (female)",12-14 years,Samoyed,https://www.akc.org/dog-breeds/samoyed/
"Friendly, Watchful, Lively",16-20 inches,26-55 pounds,12-15 years,Schapendoes,https://www.akc.org/dog-breeds/schapendoes/
"Confident, Alert, Curious","11-13 inches (male), 10-12 inches (female)",10-16 pounds,12-14 years,Schipperke,https://www.akc.org/dog-breeds/schipperke/
"Gentle, Dignified, Polite","30-32 inches (male), 28 inches & up (female)","85-110 pounds (male), 75-95 pounds (female)",8-11 years,Scottish Deerhound,https://www.akc.org/dog-breeds/scottish-deerhound/
"Confident, Independent, Spirited",10 inches,"19-22 pounds (male), 18-21 pounds (female)",12 years,Scottish Terrier,https://www.akc.org/dog-breeds/scottish-terrier/
"Alert, Outgoing, Sense Of Humor",10.5 inches,"23-24 pounds (male), slightly less (females)",12-14 years,Sealyham Terrier,https://www.akc.org/dog-breeds/sealyham-terrier/
"Friendly, Intelligent, Eager to Please",19-23 inches,40-60 pounds,11-13 years,Segugio Italiano,https://www.akc.org/dog-breeds/segugio-italiano/
"Playful, Energetic, Bright",13-16 inches,15-25 pounds,12-14 years,Shetland Sheepdog,https://www.akc.org/dog-breeds/shetland-sheepdog/
"Alert, Active, Attentive","14.5-16.5 inches (male), 13.5-15.5 inches (female)","23 pounds (male), 17 pounds (female)",13-16 years,Shiba Inu,https://www.akc.org/dog-breeds/shiba-inu/
"Affectionate, Playful, Outgoing",9-10.5 inches,9-16 pounds,10-18 years,Shih Tzu,https://www.akc.org/dog-breeds/shih-tzu/
"Energetic, Alert, Enthusiastic",17-22 inches,35-55 pounds,10-12 years,Shikoku,https://www.akc.org/dog-breeds/shikoku/
"Loyal, Mischievous, Outgoing","21-23.5 inches (male), 20-22 inches (female)","45-60 pounds (male), 35-50 pounds (female)",12-14 years,Siberian Husky,https://www.akc.org/dog-breeds/siberian-husky/
"Friendly, Quick, Keenly Alert",9-10 inches,around 10 pounds,13-15 years,Silky Terrier,https://www.akc.org/dog-breeds/silky-terrier/
"Courageous, Good-Tempered, Canny","10 inches (male), 9.5 inches (female)","35-45 pounds (male), slightly lighter (female)",12-14 years,Skye Terrier,https://www.akc.org/dog-breeds/skye-terrier/
"Reserved, Graceful, Noble","26-29 inches (male), 24-27 inches (female)",35-50 pounds,10-15 years,Sloughi,https://www.akc.org/dog-breeds/sloughi/
,"24.5-26.5 in (male), 22.5-26 in (female)",50-65 lbs,12-15 years,Slovakian Wirehaired Pointer,https://www.akc.org/dog-breeds/slovakian-wirehaired-pointer/
"Courageous, Alert, Faithful",23-27.5 inches,68-97 pounds,11-13 years,Slovensky Cuvac,https://www.akc.org/dog-breeds/slovensky-cuvac/
"Courageous, Alert, Determined",16-20 inches,33-44 pounds,12-13 years,Slovensky Kopov,https://www.akc.org/dog-breeds/slovensky-kopov/
"Intelligent, Devoted, Self-Confident",20.5-21 inches,40-60 pounds,12 to 14 years,Small Munsterlander Pointer,https://www.akc.org/dog-breeds/small-munsterlander-pointer/
"Friendly, Independent, Amusing",15½ inches,"18 pounds (male), 15-17 (female)",12-15 years,Smooth Fox Terrier,https://www.akc.org/dog-breeds/smooth-fox-terrier/
"Friendly, Happy, Deeply Devoted","18-19 inches (male), 17-18 inches (female)","35-40 pounds (male), 30-35 pounds (female)",12-14 years,Soft Coated Wheaten Terrier,https://www.akc.org/dog-breeds/soft-coated-wheaten-terrier/
"Affectionate, Intelligent, Kind",Minimum 28-35 inches,140-200 pounds,10-12 years,Spanish Mastiff,https://www.akc.org/dog-breeds/spanish-mastiff/
Playful but also Work-Oriented. Very Active and Upbeat.,"17.5-19.75 inches (male), 15.75-18 inches (female)","40-49 pounds (male), 31-40 pounds (female)",12-14 years,Spanish Water Dog,https://www.akc.org/dog-breeds/spanish-water-dog/
"Sociable, Patient, Docile","23-27 inches (male), 22-25 inches (female)",,10-12 years,Spinone Italiano,https://www.akc.org/dog-breeds/spinone-italiano/
"Intelligent, Responsive, Loving",19-21 inches,40-60 pounds,13-15 years,Stabyhoun,https://www.akc.org/dog-breeds/stabyhoun/
"Clever, Brave, Tenacious",14-16 inches,"28-38 pounds (male), 24-34 pounds (female)",12-14 years,Staffordshire Bull Terrier,https://www.akc.org/dog-breeds/staffordshire-bull-terrier/
"Fearless, Smart, Spirited","18.5-19.5 inches (male), 17.5-18.5 inches (female)","35-50 pounds (male), 30-45 pounds (female)",13-16 years,Standard Schnauzer,https://www.akc.org/dog-breeds/standard-schnauzer/
"Friendly, Merry, Even-Tempered",13-15 inches,35-45 pounds,13-15 years,Sussex Spaniel,https://www.akc.org/dog-breeds/sussex-spaniel/
"Playful, Intelligent, Lively",16-20 inches,30-45 pounds,12-14 years,Swedish Lapphund,https://www.akc.org/dog-breeds/swedish-lapphund/
"Friendly, Energetic, Watchful","12.5-13.75 inches (male), 11.5-12.75 inches (female)",20-35 pounds,12-15 years,Swedish Vallhund,https://www.akc.org/dog-breeds/swedish-vallhund/
"Loyal, Versatile, Intelligent",17-20 inches,26-40 pounds,9-13 years,Taiwan Dog,https://www.akc.org/dog-breeds/taiwan-dog/
"Playful, Versatile, Intelligent",8-15 inches,8-25 pounds,14-16 years,Teddy Roosevelt Terrier,https://www.akc.org/dog-breeds/teddy-roosevelt-terrier/
"Loyal, Independent, Agile",20-24 inches,35-75 pounds,12-13 years,Thai Ridgeback,https://www.akc.org/dog-breeds/thai-ridgeback/
"Independent, Reserved, Intelligent","minimum 26 inches (male), minimum 24 inches (female)","90-150 pounds (male), 70-120 pounds (female)",10-12 years,Tibetan Mastiff,https://www.akc.org/dog-breeds/tibetan-mastiff/
"Playful, Bright, Self-Confident",10 inches,9-15 pounds,12-15 years,Tibetan Spaniel,https://www.akc.org/dog-breeds/tibetan-spaniel/
"Affectionate, Loyal, Sensitive",14-17 inches,"18-30 pounds (male), slightly smaller (female)",15-16 years,Tibetan Terrier,https://www.akc.org/dog-breeds/tibetan-terrier/
"Friendly, Courageous, Intelligent",23-28 inches,62-110 pounds,12-14 years,Tornjak,https://www.akc.org/dog-breeds/tornjak/
"Fearless, Patient, Vigilant",Minimum 21.5-23.5 inches,100-200 pounds,10-12 years,Tosa,https://www.akc.org/dog-breeds/tosa/
"Friendly, Alert, Intelligent",8.5-11.5 inches,3.5-7 pounds,13-15 years,Toy Fox Terrier,https://www.akc.org/dog-breeds/toy-fox-terrier/
"Courageous, Good-Natured, Determined",22-26 inches,Minimum 55 pounds,10-14 years,Transylvanian Hound,https://www.akc.org/dog-breeds/transylvanian-hound/
"Friendly, Alert, Intelligent",16-24 inches,30-50 pounds,10-12 years,Treeing Tennessee Brindle,https://www.akc.org/dog-breeds/treeing-tennessee-brindle/
"Smart, Brave, Courteous","22-27 inches (male), 20-25 inches (female)",50-70 pounds,12-13 years,Treeing Walker Coonhound,https://www.akc.org/dog-breeds/treeing-walker-coonhound/
"Affectionate, Gentle, Energetic","22-24 inches (male), 21-23 inches (female)","55-60 pounds (male), 44-55 pounds (female)",12-14 years,Vizsla,https://www.akc.org/dog-breeds/vizsla/
"Friendly, Fearless, Obedient","25-27 inches (male), 23-25 inches (female)","70-90 pounds (male), 55-75 pounds (female)",10-13 years,Weimaraner,https://www.akc.org/dog-breeds/weimaraner/
"Happy, Reserved, Upbeat","18-19 inches (male), 17-18 inches (female)","40-55 pounds (male), 35-50 pounds (female)",12-15 years,Welsh Springer Spaniel,https://www.akc.org/dog-breeds/welsh-springer-spaniel/
"Friendly, Spirited, Intelligent","15 inches (male), porportionally smaller (female)","20 pounds, porportionally smaller (female)",12-15 years,Welsh Terrier,https://www.akc.org/dog-breeds/welsh-terrier/
"Loyal, Happy, Entertaining","11 inches (male). 10 inches, female",15-20 pounds,13-15 years,West Highland White Terrier,https://www.akc.org/dog-breeds/west-highland-white-terrier/
"Loyal, Good-Natured, Intelligent","23 inches (male), 21. 5 inches (female)",50-75 pounds,13 years,Wetterhoun,https://www.akc.org/dog-breeds/wetterhoun/
"Affectionate, Playful, Calm","19-22 inches (male), 18-21 inches (female)",25-40 pounds,12-15 years,Whippet,https://www.akc.org/dog-breeds/whippet/
"Confident, Alert, Gregarious",15½ inches,"18 pounds (male), 15-17 (female)",12-15 years,Wire Fox Terrier,https://www.akc.org/dog-breeds/wire-fox-terrier/
"Friendly, Devoted, Trainable","22-24 inches (male), 20-22 inches (female)","50-70 pounds (male), 35-50 pounds (female)",12-15 years,Wirehaired Pointing Griffon,https://www.akc.org/dog-breeds/wirehaired-pointing-griffon/
"Gentle, Loyal, Trainable","23-25 inches (male), 21.5-23 inches (female)","55-65 pounds (male), 45-55 pounds (female)",12-14 years,Wirehaired Vizsla,https://www.akc.org/dog-breeds/wirehaired-vizsla/
"Alert, Eager, Intelligent",19-25 inches,28-60 pounds,12-15 years,Working Kelpie,https://www.akc.org/dog-breeds/working-kelpie/
"Loyal, Alert, Calm","10-14 inches (toy), 14-18 inches (miniature), 18-23 inches (standard)","10-15 pounds (toy), 15-30 pounds (miniature), 30-55 pounds (standard)",13-18 years,Xoloitzcuintli,https://www.akc.org/dog-breeds/xoloitzcuintli/
"Affectionate, Intelligent, Active",21-23 inches,40-55 pounds,10-12 years,Yakutian Laika,https://www.akc.org/dog-breeds/yakutian-laika/
"Affectionate, Sprightly, Tomboyish",7-8 inches,7 pounds,11-15 years,Yorkshire Terrier,https://www.akc.org/dog-breeds/yorkshire-terrier/